Timestamp,Count,Mode
2026-02-19 12:14:16,1,Bulk
2026-02-19 12:24:02,1,Single
2026-02-19 12:34:03,1,Single
2026-02-19 12:44:19,1,Single
2026-02-19 12:54:02,1,Single
2026-02-19 13:04:03,1,Single
2026-02-19 13:14:00,1,Single
2026-02-19 13:24:01,1,Single
2026-02-19 13:34:17,1,Single
2026-02-19 13:44:39,1,Single
2026-02-19 13:54:02,1,Single
2026-02-19 14:04:51,1,Single
2026-02-19 14:14:00,1,Single
2026-02-19 14:24:00,1,Single
2026-02-19 14:34:44,1,Single
2026-02-19 14:44:04,1,Single
2026-02-19 14:54:02,1,Single
2026-02-19 15:04:16,1,Single
2026-02-19 15:14:05,1,Single
2026-02-19 15:24:49,1,Single
2026-02-19 15:34:03,1,Single
2026-02-19 15:44:22,1,Single
2026-02-19 15:54:02,1,Single
2026-02-19 16:04:01,1,Single
2026-02-19 16:14:00,1,Single
2026-02-19 16:25:42,1,Single
2026-02-19 16:34:22,1,Single
2026-02-19 16:44:20,1,Single
2026-02-19 16:53:59,1,Single
2026-02-19 17:04:00,1,Single
2026-02-19 17:14:15,1,Single
2026-02-19 17:24:19,1,Single
2026-02-19 17:34:00,1,Single
2026-02-19 17:44:15,1,Single
2026-02-19 17:54:20,1,Single
2026-02-19 18:04:25,1,Single
2026-02-19 18:14:01,1,Single
2026-02-19 18:24:17,1,Single
2026-02-19 18:34:20,1,Single
2026-02-19 18:44:13,1,Single
2026-02-19 18:54:46,1,Single
2026-02-19 19:04:20,1,Single
2026-02-19 19:14:21,1,Single
2026-02-19 19:26:33,1,Single
2026-02-19 19:34:39,1,Single
2026-02-19 19:44:17,1,Single
2026-02-19 19:54:21,1,Single
2026-02-19 20:04:14,1,Single
2026-02-19 20:14:32,1,Single
2026-02-19 20:19:28,1,Single
2026-02-19 20:22:26,1,Single
2026-02-19 20:24:28,1,Single
2026-02-19 20:34:21,1,Single
2026-02-19 20:35:41,1,Single
2026-02-19 20:45:28,1,Single
2026-02-19 20:54:25,1,Single
2026-02-19 21:04:31,1,Single
2026-02-19 21:27:28,1,Single
2026-02-19 21:34:16,1,Single
2026-02-19 21:44:30,1,Single
2026-02-19 21:54:34,1,Single
2026-02-19 22:07:35,1,Single
2026-02-19 22:15:20,1,Single
2026-02-19 22:24:18,1,Single
2026-02-19 22:34:32,1,Single
2026-02-19 22:44:54,1,Single
2026-02-19 22:58:04,1,Single
2026-02-19 23:04:22,1,Single
2026-02-19 23:14:22,1,Single
2026-02-19 23:25:00,1,Single
2026-02-19 23:35:32,1,Single
2026-02-19 23:44:33,1,Single
2026-02-20 00:01:17,1,Single
2026-02-20 00:04:39,1,Single
2026-02-20 00:15:01,1,Single
2026-02-20 00:23:59,1,Single
2026-02-20 00:34:53,1,Single
2026-02-20 00:44:15,1,Single
2026-02-20 00:54:49,1,Single
2026-02-20 01:04:10,1,Single
2026-02-20 01:15:18,1,Single
2026-02-20 01:25:38,1,Single
2026-02-20 01:34:09,1,Single
2026-02-20 01:45:58,1,Single
2026-02-20 01:55:24,1,Single
2026-02-20 02:04:43,1,Single
2026-02-20 02:14:32,1,Single
2026-02-20 02:24:04,1,Single
2026-02-20 02:33:57,1,Single
2026-02-20 02:44:00,1,Single
2026-02-20 02:53:58,1,Single
2026-02-20 03:03:59,1,Single
2026-02-20 03:14:01,1,Single
2026-02-20 03:24:00,1,Single
2026-02-20 03:33:57,1,Single
2026-02-20 03:43:58,1,Single
2026-02-20 03:54:02,1,Single
2026-02-20 04:03:57,1,Single
2026-02-20 04:14:00,1,Single
2026-02-20 04:23:59,1,Single
2026-02-20 04:33:59,1,Single
2026-02-20 04:43:56,1,Single
2026-02-20 04:54:03,1,Single
2026-02-20 05:04:47,1,Single
2026-02-20 05:14:00,1,Single
2026-02-20 05:24:01,1,Single
2026-02-20 05:34:14,1,Single
2026-02-20 05:44:02,1,Single
2026-02-20 05:54:01,1,Single
2026-02-20 06:03:55,1,Single
2026-02-20 06:13:56,1,Single
2026-02-20 06:24:15,1,Single
2026-02-20 06:34:17,1,Single
2026-02-20 06:43:57,1,Single
2026-02-20 06:54:14,1,Single
2026-02-20 07:03:58,1,Single
2026-02-20 07:14:13,1,Single
2026-02-20 07:23:59,1,Single
2026-02-20 07:34:15,1,Single
2026-02-20 07:44:22,1,Single
2026-02-20 07:54:22,1,Single
2026-02-20 08:04:00,1,Single
2026-02-20 08:13:57,1,Single
2026-02-20 08:24:28,1,Single
2026-02-20 08:34:27,1,Single
2026-02-20 08:44:08,1,Single
2026-02-20 08:54:17,1,Single
2026-02-20 09:03:58,1,Single
2026-02-20 09:14:00,1,Single
2026-02-20 09:23:59,1,Single
2026-02-20 09:34:02,1,Single
2026-02-20 09:43:59,1,Single
2026-02-20 09:54:12,1,Single
2026-02-20 10:03:57,1,Single
2026-02-20 10:14:29,1,Single
2026-02-20 10:24:15,1,Single
2026-02-20 10:33:58,1,Single
2026-02-20 10:44:08,1,Single
2026-02-20 10:53:58,1,Single
2026-02-20 11:04:16,1,Single
2026-02-20 11:13:57,1,Single
2026-02-20 11:23:59,1,Single
2026-02-20 11:33:57,1,Single
2026-02-20 11:43:58,1,Single
2026-02-20 11:54:03,1,Single
2026-02-20 12:04:24,1,Single
2026-02-20 12:13:57,1,Single
2026-02-20 12:24:41,1,Single
2026-02-20 12:33:58,1,Single
2026-02-20 12:43:58,1,Single
2026-02-20 12:53:58,1,Single
2026-02-20 13:04:18,1,Single
2026-02-20 13:14:12,1,Single
2026-02-20 13:24:13,1,Single
2026-02-20 13:34:13,1,Single
2026-02-20 13:44:02,1,Single
2026-02-20 13:54:25,1,Single
2026-02-20 14:04:15,1,Single
2026-02-20 14:13:59,1,Single
2026-02-20 14:24:20,1,Single
2026-02-20 14:33:59,1,Single
2026-02-20 14:44:00,1,Single
2026-02-20 14:54:00,1,Single
2026-02-20 15:14:31,1,Single
2026-02-20 15:24:29,1,Single
2026-02-20 15:34:17,1,Single
2026-02-20 15:44:00,1,Single
2026-02-20 15:54:09,1,Single
2026-02-20 16:04:26,1,Single
2026-02-20 16:13:57,1,Single
2026-02-20 16:24:21,1,Single
2026-02-20 16:34:00,1,Single
2026-02-20 16:43:56,1,Single
2026-02-20 16:54:18,1,Single
2026-02-20 17:04:27,1,Single
2026-02-20 17:14:22,1,Single
2026-02-20 17:24:17,1,Single
2026-02-20 17:34:40,1,Single
2026-02-20 17:44:20,1,Single
2026-02-20 17:55:07,1,Single
2026-02-20 18:04:19,1,Single
2026-02-20 18:14:46,1,Single
2026-02-20 18:24:19,1,Single
2026-02-20 18:35:16,1,Single
2026-02-20 18:43:58,1,Single
2026-02-20 18:54:58,1,Single
2026-02-20 19:05:43,1,Single
2026-02-20 19:14:18,1,Single
2026-02-20 19:24:48,1,Single
2026-02-20 19:34:30,1,Single
2026-02-20 19:45:32,1,Single
2026-02-20 19:55:00,1,Single
2026-02-20 20:04:22,1,Single
2026-02-20 20:15:04,1,Single
2026-02-20 20:24:37,1,Single
2026-02-20 20:34:24,1,Single
2026-02-20 20:45:04,1,Single
2026-02-20 20:54:30,1,Single
2026-02-20 21:04:19,1,Single
2026-02-20 21:14:30,1,Single
2026-02-20 21:24:25,1,Single
2026-02-20 21:34:42,1,Single
2026-02-20 21:45:20,1,Single
2026-02-20 21:55:49,1,Single
2026-02-20 22:04:47,1,Single
2026-02-20 22:15:11,1,Single
2026-02-20 22:28:08,1,Single
2026-02-20 22:34:10,1,Single
2026-02-20 22:44:19,1,Single
2026-02-20 22:55:39,1,Single
2026-02-20 23:04:13,1,Single
2026-02-20 23:14:02,1,Single
2026-02-20 23:30:44,1,Single
2026-02-20 23:34:12,1,Single
2026-02-20 23:44:13,1,Single
2026-02-20 23:54:27,1,Single
2026-02-21 00:04:21,1,Single
2026-02-21 00:14:05,1,Single
2026-02-21 00:23:57,1,Single
2026-02-21 00:34:00,1,Single
2026-02-21 00:44:12,1,Single
2026-02-21 00:54:19,1,Single
2026-02-21 01:04:45,1,Single
2026-02-21 01:14:45,1,Single
2026-02-21 01:25:29,1,Single
2026-02-21 01:35:03,1,Single
2026-02-21 01:44:12,1,Single
2026-02-21 01:54:05,1,Single
2026-02-21 02:03:57,1,Single
2026-02-21 02:14:12,1,Single
2026-02-21 02:24:17,1,Single
2026-02-21 02:34:12,1,Single
2026-02-21 02:44:18,1,Single
2026-02-21 02:54:16,1,Single
2026-02-21 03:04:10,1,Single
2026-02-21 03:14:12,1,Single
2026-02-21 03:24:14,1,Single
2026-02-21 03:34:02,1,Single
2026-02-21 03:44:12,1,Single
2026-02-21 03:54:12,1,Single
2026-02-21 04:04:21,1,Single
2026-02-21 04:14:23,1,Single
2026-02-21 04:24:16,1,Single
2026-02-21 04:34:11,1,Single
2026-02-21 04:44:12,1,Single
2026-02-21 04:54:12,1,Single
2026-02-21 05:04:00,1,Single
2026-02-21 05:14:14,1,Single
2026-02-21 05:24:26,1,Single
2026-02-21 05:34:28,1,Single
2026-02-21 05:44:22,1,Single
2026-02-21 05:54:23,1,Single
2026-02-21 06:04:20,1,Single
2026-02-21 06:14:15,1,Single
2026-02-21 06:24:19,1,Single
2026-02-21 06:34:11,1,Single
2026-02-21 06:44:02,1,Single
2026-02-21 06:54:06,1,Single
2026-02-21 07:03:59,1,Single
2026-02-21 07:13:56,1,Single
2026-02-21 07:24:01,1,Single
2026-02-21 07:34:28,1,Single
2026-02-21 07:44:03,1,Single
2026-02-21 07:54:00,1,Single
2026-02-21 08:04:13,1,Single
2026-02-21 08:14:30,1,Single
2026-02-21 08:24:20,1,Single
2026-02-21 08:33:59,1,Single
2026-02-21 08:43:58,1,Single
2026-02-21 08:54:00,1,Single
2026-02-21 09:04:10,1,Single
2026-02-21 09:15:04,1,Single
2026-02-21 09:24:09,1,Single
2026-02-21 09:34:13,1,Single
2026-02-21 09:44:01,1,Single
2026-02-21 09:53:58,1,Single
2026-02-21 10:04:24,1,Single
2026-02-21 10:14:26,1,Single
2026-02-21 10:24:15,1,Single
2026-02-21 10:34:00,1,Single
2026-02-21 10:43:59,1,Single
2026-02-21 10:54:02,1,Single
2026-02-21 11:04:02,1,Single
2026-02-21 11:14:00,1,Single
2026-02-21 11:23:58,1,Single
2026-02-21 11:34:05,1,Single
2026-02-21 11:43:58,1,Single
2026-02-21 11:54:02,1,Single
2026-02-21 12:04:04,1,Single
2026-02-21 12:14:02,1,Single
2026-02-21 12:24:07,1,Single
2026-02-21 12:33:59,1,Single
2026-02-21 12:44:01,1,Single
2026-02-21 12:53:59,1,Single
2026-02-21 13:04:09,1,Single
2026-02-21 13:14:04,1,Single
2026-02-21 13:24:06,1,Single
2026-02-21 13:33:58,1,Single
2026-02-21 13:44:03,1,Single
2026-02-21 13:54:01,1,Single
2026-02-21 14:04:03,1,Single
2026-02-21 14:14:07,1,Single
2026-02-21 14:24:09,1,Single
2026-02-21 14:34:17,1,Single
2026-02-21 14:44:24,1,Single
2026-02-21 14:53:59,1,Single
2026-02-21 15:04:23,1,Single
2026-02-21 15:14:16,1,Single
2026-02-21 15:24:45,1,Single
2026-02-21 15:34:01,1,Single
2026-02-21 15:44:10,1,Single
2026-02-21 15:54:13,1,Single
2026-02-21 16:04:02,1,Single
2026-02-21 16:13:59,1,Single
2026-02-21 16:24:05,1,Single
2026-02-21 16:34:02,1,Single
2026-02-21 16:44:23,1,Single
2026-02-21 16:54:08,1,Single
2026-02-21 17:03:57,1,Single
2026-02-21 17:14:19,1,Single
2026-02-21 17:24:35,1,Single
2026-02-21 17:34:00,1,Single
2026-02-21 17:44:17,1,Single
2026-02-21 17:54:14,1,Single
2026-02-21 18:04:06,1,Single
2026-02-21 18:14:09,1,Single
2026-02-21 18:24:15,1,Single
2026-02-21 18:34:03,1,Single
2026-02-21 18:44:01,1,Single
2026-02-21 18:54:23,1,Single
2026-02-21 19:04:21,1,Single
2026-02-21 19:14:21,1,Single
2026-02-21 20:10:35,1,Single
2026-02-21 20:14:10,1,Single
2026-02-21 20:24:23,1,Single
2026-02-21 20:34:14,1,Single
2026-02-21 20:44:57,1,Single
2026-02-21 20:54:37,1,Single
2026-02-21 21:04:49,1,Single
2026-02-21 21:14:08,1,Single
2026-02-21 21:24:30,1,Single
2026-02-21 21:34:11,1,Single
2026-02-21 21:45:27,1,Single
2026-02-21 21:54:33,1,Single
2026-02-21 22:04:23,1,Single
2026-02-21 22:14:29,1,Single
2026-02-21 22:24:21,1,Single
2026-02-21 22:34:58,1,Single
2026-02-21 22:44:09,1,Single
2026-02-21 22:54:26,1,Single
2026-02-21 23:04:14,1,Single
2026-02-21 23:14:09,1,Single
2026-02-21 23:22:28,2,Bulk
2026-02-21 23:24:12,1,Single
2026-02-21 23:34:16,1,Single
2026-02-21 23:44:18,1,Single
2026-02-21 23:54:22,1,Single
2026-02-22 00:04:15,1,Single
2026-02-22 00:14:15,1,Single
2026-02-22 00:24:20,1,Single
2026-02-22 00:34:18,1,Single
2026-02-22 00:44:20,1,Single
2026-02-22 00:54:15,1,Single
2026-02-22 01:04:29,1,Single
2026-02-22 01:14:23,1,Single
2026-02-22 01:24:43,1,Single
2026-02-22 01:34:38,1,Single
2026-02-22 01:44:11,1,Single
2026-02-22 01:54:28,1,Single
2026-02-22 02:04:36,1,Single
2026-02-22 02:14:14,1,Single
2026-02-22 02:24:08,1,Single
2026-02-22 02:34:38,1,Single
2026-02-22 02:44:27,1,Single
2026-02-22 02:54:16,1,Single
2026-02-22 03:04:12,1,Single
2026-02-22 03:14:05,1,Single
2026-02-22 03:24:09,1,Single
2026-02-22 03:34:02,1,Single
2026-02-22 03:44:11,1,Single
2026-02-22 03:54:04,1,Single
2026-02-22 04:04:36,1,Single
2026-02-22 04:14:13,1,Single
2026-02-22 04:24:03,1,Single
2026-02-22 04:34:00,1,Single
2026-02-22 04:44:15,1,Single
2026-02-22 04:54:28,1,Single
2026-02-22 05:04:00,1,Single
2026-02-22 05:14:04,1,Single
2026-02-22 05:24:07,1,Single
2026-02-22 05:34:01,1,Single
2026-02-22 05:44:13,1,Single
2026-02-22 05:54:12,1,Single
2026-02-22 06:03:58,1,Single
2026-02-22 06:14:02,1,Single
2026-02-22 06:24:10,1,Single
2026-02-22 06:34:07,1,Single
2026-02-22 06:44:04,1,Single
2026-02-22 06:54:10,1,Single
2026-02-22 07:04:13,1,Single
2026-02-22 07:14:06,1,Single
2026-02-22 07:24:16,1,Single
2026-02-22 07:34:06,1,Single
2026-02-22 07:44:01,1,Single
2026-02-22 07:54:12,1,Single
2026-02-22 08:04:05,1,Single
2026-02-22 08:14:41,1,Single
2026-02-22 08:24:13,1,Single
2026-02-22 08:34:16,1,Single
2026-02-22 08:44:12,1,Single
2026-02-22 08:54:11,1,Single
2026-02-22 09:04:07,1,Single
2026-02-22 09:14:03,1,Single
2026-02-22 09:24:13,1,Single
2026-02-22 09:34:06,1,Single
2026-02-22 09:44:46,1,Single
2026-02-22 09:54:27,1,Single
2026-02-22 10:04:12,1,Single
2026-02-22 10:14:21,1,Single
2026-02-22 10:24:18,1,Single
2026-02-22 10:34:18,1,Single
2026-02-22 10:44:22,1,Single
2026-02-22 10:54:20,1,Single
2026-02-22 11:04:19,1,Single
2026-02-22 11:14:11,1,Single
2026-02-22 11:24:10,1,Single
2026-02-22 11:34:19,1,Single
2026-02-22 11:44:28,1,Single
2026-02-22 11:54:19,1,Single
2026-02-22 12:04:26,1,Single
2026-02-22 12:14:19,1,Single
2026-02-22 12:24:23,1,Single
2026-02-22 12:34:21,1,Single
2026-02-22 12:44:11,1,Single
2026-02-22 12:54:16,1,Single
2026-02-22 13:04:14,1,Single
2026-02-22 13:14:19,1,Single
2026-02-22 13:24:35,1,Single
2026-02-22 13:34:28,1,Single
2026-02-22 13:44:12,1,Single
2026-02-22 13:54:15,1,Single
2026-02-22 14:04:46,1,Single
2026-02-22 14:14:17,1,Single
2026-02-22 14:24:01,1,Single
2026-02-22 14:34:07,1,Single
2026-02-22 14:44:12,1,Single
2026-02-22 14:54:06,1,Single
2026-02-22 15:04:13,1,Single
2026-02-22 15:14:04,1,Single
2026-02-22 15:24:11,1,Single
2026-02-22 15:34:01,1,Single
2026-02-22 15:44:15,1,Single
2026-02-22 15:54:32,1,Single
2026-02-22 16:04:36,1,Single
2026-02-22 16:14:11,1,Single
2026-02-22 16:25:18,1,Single
2026-02-22 16:34:14,1,Single
2026-02-22 16:44:15,1,Single
2026-02-22 16:54:21,1,Single
2026-02-22 17:04:09,1,Single
2026-02-22 17:14:14,1,Single
2026-02-22 17:24:04,1,Single
2026-02-22 17:34:14,1,Single
2026-02-22 17:44:59,1,Single
2026-02-22 17:54:21,1,Single
2026-02-22 18:05:00,1,Single
2026-02-22 18:14:17,1,Single
2026-02-22 18:24:35,1,Single
2026-02-22 18:34:27,1,Single
2026-02-22 18:42:24,5,Bulk
2026-02-22 18:44:36,1,Single
2026-02-22 18:54:34,1,Single
2026-02-22 19:06:09,1,Single
2026-02-22 19:14:23,1,Single
2026-02-22 19:24:06,1,Single
2026-02-22 19:34:34,1,Single
2026-02-22 19:44:20,1,Single
2026-02-22 19:54:59,1,Single
2026-02-22 20:04:29,1,Single
2026-02-22 20:14:20,1,Single
2026-02-22 20:24:33,1,Single
2026-02-22 20:34:22,1,Single
2026-02-22 20:44:14,1,Single
2026-02-22 20:54:23,1,Single
2026-02-22 21:04:15,1,Single
2026-02-22 21:14:23,1,Single
2026-02-22 21:24:26,1,Single
2026-02-22 21:34:09,1,Single
2026-02-22 21:44:08,1,Single
2026-02-22 21:55:43,1,Single
2026-02-22 22:04:19,1,Single
2026-02-22 22:14:27,1,Single
2026-02-22 22:24:16,1,Single
2026-02-22 22:34:18,1,Single
2026-02-22 22:47:24,1,Single
2026-02-22 22:54:20,1,Single
2026-02-22 23:04:23,1,Single
2026-02-22 23:14:30,1,Single
2026-02-22 23:26:34,1,Single
2026-02-22 23:34:40,1,Single
2026-02-22 23:44:14,1,Single
2026-02-22 23:54:14,1,Single
2026-02-23 00:04:45,1,Single
2026-02-23 00:14:13,1,Single
2026-02-23 00:24:15,1,Single
2026-02-23 00:34:17,1,Single
2026-02-23 00:44:39,1,Single
2026-02-23 00:54:20,1,Single
2026-02-23 01:04:27,1,Single
2026-02-23 01:14:30,1,Single
2026-02-23 01:24:41,1,Single
2026-02-23 01:34:20,1,Single
2026-02-23 01:44:57,1,Single
2026-02-23 01:56:10,1,Single
2026-02-23 02:04:22,1,Single
2026-02-23 02:14:51,1,Single
2026-02-23 02:24:08,1,Single
2026-02-23 02:34:46,1,Single
2026-02-23 02:44:15,1,Single
2026-02-23 02:54:18,1,Single
2026-02-23 03:04:18,1,Single
2026-02-23 03:14:45,1,Single
2026-02-23 03:24:12,1,Single
2026-02-23 03:34:38,1,Single
2026-02-23 03:44:16,1,Single
2026-02-23 03:54:21,1,Single
2026-02-23 04:04:10,1,Single
2026-02-23 04:14:50,1,Single
2026-02-23 04:24:15,1,Single
2026-02-23 04:34:27,1,Single
2026-02-23 04:44:09,1,Single
2026-02-23 04:54:00,1,Single
2026-02-23 05:04:28,1,Single
2026-02-23 05:14:14,1,Single
2026-02-23 05:24:15,1,Single
2026-02-23 05:34:18,1,Single
2026-02-23 05:44:01,1,Single
2026-02-23 05:54:07,1,Single
2026-02-23 06:03:57,1,Single
2026-02-23 06:14:20,1,Single
2026-02-23 06:24:09,1,Single
2026-02-23 06:33:58,1,Single
2026-02-23 06:44:18,1,Single
2026-02-23 06:54:05,1,Single
2026-02-23 07:04:05,1,Single
2026-02-23 07:14:08,1,Single
2026-02-23 07:24:06,1,Single
2026-02-23 07:34:05,1,Single
2026-02-23 07:44:07,1,Single
2026-02-23 07:54:12,1,Single
2026-02-23 08:04:04,1,Single
2026-02-23 08:14:02,1,Single
2026-02-23 08:24:09,1,Single
2026-02-23 08:34:18,1,Single
2026-02-23 08:44:05,1,Single
2026-02-23 08:54:24,1,Single
2026-02-23 09:04:21,1,Single
2026-02-23 09:14:13,1,Single
2026-02-23 09:24:20,1,Single
2026-02-23 09:34:18,1,Single
2026-02-23 09:45:05,1,Single
2026-02-23 09:54:18,1,Single
2026-02-23 10:04:11,1,Single
2026-02-23 10:14:16,1,Single
2026-02-23 10:24:03,1,Single
2026-02-23 10:34:03,1,Single
2026-02-23 10:44:06,1,Single
2026-02-23 10:54:04,1,Single
2026-02-23 11:04:12,1,Single
2026-02-23 11:14:27,1,Single
2026-02-23 11:24:16,1,Single
2026-02-23 11:34:16,1,Single
2026-02-23 11:44:16,1,Single
2026-02-23 11:54:21,1,Single
2026-02-23 12:04:02,1,Single
2026-02-23 12:14:38,1,Single
2026-02-23 12:24:35,1,Single
2026-02-23 12:34:17,1,Single
2026-02-23 12:44:21,1,Single
2026-02-23 12:54:21,1,Single
2026-02-23 13:04:14,1,Single
2026-02-23 13:14:12,1,Single
2026-02-23 13:24:08,1,Single
2026-02-23 13:34:14,1,Single
2026-02-23 13:44:05,1,Single
2026-02-23 13:54:10,1,Single
2026-02-23 14:04:21,1,Single
2026-02-23 14:14:03,1,Single
2026-02-23 14:24:15,1,Single
2026-02-23 14:34:23,1,Single
2026-02-23 14:44:30,1,Single
2026-02-23 14:54:14,1,Single
2026-02-23 15:04:13,1,Single
2026-02-23 15:14:27,1,Single
2026-02-23 15:24:23,1,Single
2026-02-23 15:34:10,1,Single
2026-02-23 15:44:11,1,Single
2026-02-23 15:54:20,1,Single
2026-02-23 16:04:33,1,Single
2026-02-23 16:14:44,1,Single
2026-02-23 16:24:44,1,Single
2026-02-23 16:34:16,1,Single
2026-02-23 16:44:17,1,Single
2026-02-23 16:54:31,1,Single
2026-02-23 17:04:32,1,Single
2026-02-23 17:14:10,1,Single
2026-02-23 17:24:23,1,Single
2026-02-23 17:34:12,1,Single
2026-02-23 17:44:20,1,Single
2026-02-23 18:25:23,1,Single
2026-02-23 18:35:20,1,Single
2026-02-23 18:44:59,1,Single
2026-02-23 18:54:23,1,Single
2026-02-23 19:04:18,1,Single
2026-02-23 19:14:17,1,Single
2026-02-23 19:24:24,1,Single
2026-02-23 19:35:01,1,Single
2026-02-23 19:44:19,1,Single
2026-02-23 19:54:26,1,Single
2026-02-23 20:04:24,1,Single
2026-02-23 20:14:14,1,Single
2026-02-23 20:24:23,1,Single
2026-02-23 20:34:35,1,Single
2026-02-23 20:47:22,1,Single
2026-02-23 20:54:23,1,Single
2026-02-23 21:04:18,1,Single
2026-02-23 21:14:12,1,Single
2026-02-23 21:24:22,1,Single
2026-02-23 21:34:13,1,Single
2026-02-23 21:44:17,1,Single
2026-02-23 21:54:36,1,Single
2026-02-23 22:04:21,1,Single
2026-02-23 22:14:18,1,Single
2026-02-23 22:27:50,1,Single
2026-02-23 22:34:24,1,Single
2026-02-23 22:45:07,1,Single
2026-02-23 22:54:48,1,Single
2026-02-23 23:04:20,1,Single
2026-02-23 23:14:04,1,Single
2026-02-23 23:24:19,1,Single
2026-02-23 23:34:16,1,Single
2026-02-23 23:45:21,1,Single
2026-02-23 23:56:00,1,Single
2026-02-24 00:04:01,1,Single
2026-02-24 00:14:26,1,Single
2026-02-24 00:24:29,1,Single
2026-02-24 00:34:34,1,Single
2026-02-24 00:44:08,1,Single
2026-02-24 00:54:13,1,Single
2026-02-24 01:05:50,1,Single
